{
    "metadata": {
        "model": "time_based_demand_prediction",
        "data_days": 183,
        "test_mae": 8.35,
        "test_rmse": 20.71,
        "test_mape_percentage": 22.9,
        "test_accuracy_r2": 0.9874,
        "last_retrained": "2026-03-31 22:49:26",
        "best_params": {
            "learning_rate": 0.1,
            "max_depth": 8,
            "n_estimators": 200
        },
        "zone_mapping": {
            "zone_0": "Park Slope",
            "zone_1": "Manhattan",
            "zone_2": "Queens",
            "zone_3": "East Elmhurst",
            "zone_4": "Southside",
            "zone_5": "Newark",
            "zone_6": "Manhattan",
            "zone_7": "Scarsdale",
            "zone_8": "Manhattan",
            "zone_9": "Hicksville"
        }
    },
    "hourly_coefficients": {
        "Monday": {
            "0": 0.28526682820164295,
            "1": 0.16563737367767864,
            "2": 0.1302228000709178,
            "3": 0.2762248094084274,
            "4": 0.4272797116009692,
            "5": 0.6662726789196857,
            "6": 1.052508716978902,
            "7": 1.3810797234206016,
            "8": 1.2971307842326105,
            "9": 0.9838514272206135,
            "10": 0.8992376337095916,
            "11": 0.9012321966786834,
            "12": 0.9081023580166657,
            "13": 1.0365078896046334,
            "14": 1.2480202115714203,
            "15": 1.4513326635541635,
            "16": 1.7184268069263047,
            "17": 1.862611547780864,
            "18": 1.6399739968086993,
            "19": 1.5140505880267126,
            "20": 1.4559866438153775,
            "21": 1.2820607529105845,
            "22": 0.8934755629099935,
            "23": 0.5235062939542581
        },
        "Tuesday": {
            "0": 0.22550539403334494,
            "1": 0.12687164144027696,
            "2": 0.09295724996949332,
            "3": 0.16248536809136638,
            "4": 0.2729059987435766,
            "5": 0.5148985596326544,
            "6": 0.9715858503229189,
            "7": 1.3232759205108853,
            "8": 1.2269200001807803,
            "9": 0.9047332812083357,
            "10": 0.8560310580621252,
            "11": 0.8561395262651234,
            "12": 0.8623222138360231,
            "13": 1.0512376673912944,
            "14": 1.259894333892246,
            "15": 1.4946195251804413,
            "16": 1.7596073451051464,
            "17": 2.0066617554674755,
            "18": 1.8145284118899228,
            "19": 1.6193941146960857,
            "20": 1.6147661380348273,
            "21": 1.4430971287562764,
            "22": 1.0019569471624266,
            "23": 0.537604570126953
        },
        "Wednesday": {
            "0": 0.2634015230700314,
            "1": 0.1489989777282595,
            "2": 0.10823445630075465,
            "3": 0.1672964932633441,
            "4": 0.2588185295367616,
            "5": 0.4753219007362654,
            "6": 0.9284180057660721,
            "7": 1.2575665338096278,
            "8": 1.1655965357622817,
            "9": 0.8833461595892536,
            "10": 0.850989536072409,
            "11": 0.860189981736943,
            "12": 0.8798313825938135,
            "13": 1.0056052652737737,
            "14": 1.2111508023110233,
            "15": 1.4950896497857824,
            "16": 1.7464995807537245,
            "17": 1.9171730166205305,
            "18": 1.8170707894464802,
            "19": 1.6201399019078577,
            "20": 1.6461561433937126,
            "21": 1.5352339164493862,
            "22": 1.1325851988835414,
            "23": 0.6252857192083712
        },
        "Thursday": {
            "0": 0.29534989968813935,
            "1": 0.16812665117295353,
            "2": 0.11819716743142046,
            "3": 0.17915499672248375,
            "4": 0.27030570287825517,
            "5": 0.4503188129432096,
            "6": 0.8601791708877103,
            "7": 1.1771408140158512,
            "8": 1.126067179151024,
            "9": 0.883920306696065,
            "10": 0.8224221838190017,
            "11": 0.8252507796515901,
            "12": 0.8411099854994736,
            "13": 0.9801561289553662,
            "14": 1.1663667242714975,
            "15": 1.4124545617066921,
            "16": 1.6068966887154124,
            "17": 1.802165147090956,
            "18": 1.7742287904971892,
            "19": 1.6497070099120037,
            "20": 1.6523449138907098,
            "21": 1.6511689807917684,
            "22": 1.4045726317462208,
            "23": 0.882394771865006
        },
        "Friday": {
            "0": 0.44415959759235446,
            "1": 0.2643390780946624,
            "2": 0.17324685382903882,
            "3": 0.22441134524023157,
            "4": 0.2851610831436478,
            "5": 0.43554582878515363,
            "6": 0.7581411853916742,
            "7": 1.0382182019837034,
            "8": 1.0203430125792867,
            "9": 0.8170127331040465,
            "10": 0.7828814837702509,
            "11": 0.8156526643450148,
            "12": 0.8389357461960577,
            "13": 0.982520148042405,
            "14": 1.1724440354643326,
            "15": 1.4142448312664695,
            "16": 1.5598369536618637,
            "17": 1.6826317330487264,
            "18": 1.7733353662403408,
            "19": 1.6060145262899401,
            "20": 1.4100027120418706,
            "21": 1.56482387244498,
            "22": 1.5999913646427997,
            "23": 1.336105642801148
        },
        "Saturday": {
            "0": 1.0264318680604352,
            "1": 0.712778240372442,
            "2": 0.472114828033443,
            "3": 0.3544389999288051,
            "4": 0.25429568156703,
            "5": 0.2631362267339819,
            "6": 0.31866822263563394,
            "7": 0.4091166574319702,
            "8": 0.5352987243737173,
            "9": 0.6563176157767824,
            "10": 0.7650414632711874,
            "11": 0.843863466818549,
            "12": 0.9025528002798268,
            "13": 0.9893981557434136,
            "14": 1.1670262523331796,
            "15": 1.4400802335191623,
            "16": 1.6162596693462763,
            "17": 1.5914467106423944,
            "18": 1.7043308146859533,
            "19": 1.5265912826529064,
            "20": 1.4380372503923455,
            "21": 1.6279232457430113,
            "22": 1.7811469802542585,
            "23": 1.603704609403294
        },
        "Sunday": {
            "0": 1.609710718511567,
            "1": 1.1268513607246318,
            "2": 0.755771349300257,
            "3": 0.5188461381533314,
            "4": 0.3120812762658615,
            "5": 0.3020441470480232,
            "6": 0.3229507527846913,
            "7": 0.4273368966502101,
            "8": 0.5938063568485046,
            "9": 0.8030192990330083,
            "10": 0.9713493002570484,
            "11": 1.1190664653800644,
            "12": 1.1707209596474764,
            "13": 1.2934187441348075,
            "14": 1.3783181688359378,
            "15": 1.523293484026276,
            "16": 1.6175935370680157,
            "17": 1.543318780856012,
            "18": 1.3851727936676321,
            "19": 1.270455750948631,
            "20": 1.2277612305683625,
            "21": 1.1734628095801543,
            "22": 0.9579827818352441,
            "23": 0.5956668978742502
        }
    },
    "day_of_week_coefficients": {
        "Monday": 0.8359132457804653,
        "Tuesday": 1.0247436940476502,
        "Wednesday": 1.0752237322098737,
        "Thursday": 1.1657771925139055,
        "Friday": 1.1441550201386006,
        "Saturday": 0.9974573955517544,
        "Sunday": 0.7567297197577502
    },
    "zone_coefficients": {
        "Park Slope": 0.6295377461749009,
        "Manhattan": 0.2634238774574485,
        "Queens": 0.2874097964262392,
        "East Elmhurst": 0.37242572050935013,
        "Southside": 0.6631899287369437,
        "Newark": 0.09935542804919009,
        "Scarsdale": 0.024700468228250852,